Timestamp,Commodities Count,Filters,Directory
2025-05-10T22:51:42.958147,23,"{'timeframe': '1Y', 'start_date': '2024-05-10', 'end_date': '2025-05-10', 'frequency': 'monthly', 'category': 'all', 'selected_commodities': ['Copper (Cu)', 'Zinc (Zn)', 'Nickel (Ni)', 'Lead (Pb)', 'Aluminum (Al)', 'Gold (Au)', 'Silver (Ag)', 'Platinum (Pt)', 'Oil (WTI)', 'WCS Differential', 'Natural Gas (AECO)', 'Sulphur', 'Lithium (Li)', 'Cobalt (Co)', 'Germanium (Ge)', 'Molybdenum (Mo)', 'Uranium (U)', 'Antimony (Sb)', 'Indium (In)', 'Cadmium (Cd)', 'Iron Ore', 'Iron Ore Futures', 'US HRC Steel']}",logs\data_capture\20250510_225142
2025-05-10T22:51:43.251214,23,"{'timeframe': '1Y', 'start_date': '2024-05-10', 'end_date': '2025-05-10', 'frequency': 'monthly', 'category': 'all', 'selected_commodities': ['Copper (Cu)', 'Zinc (Zn)', 'Nickel (Ni)', 'Lead (Pb)', 'Aluminum (Al)', 'Gold (Au)', 'Silver (Ag)', 'Platinum (Pt)', 'Oil (WTI)', 'WCS Differential', 'Natural Gas (AECO)', 'Sulphur', 'Lithium (Li)', 'Cobalt (Co)', 'Germanium (Ge)', 'Molybdenum (Mo)', 'Uranium (U)', 'Antimony (Sb)', 'Indium (In)', 'Cadmium (Cd)', 'Iron Ore', 'Iron Ore Futures', 'US HRC Steel']}",logs\data_capture\20250510_225143
2025-05-10T22:51:43.525299,23,"{'timeframe': '1Y', 'start_date': '2024-05-10', 'end_date': '2025-05-10', 'frequency': 'monthly', 'category': 'all', 'selected_commodities': ['Copper (Cu)', 'Zinc (Zn)', 'Nickel (Ni)', 'Lead (Pb)', 'Aluminum (Al)', 'Gold (Au)', 'Silver (Ag)', 'Platinum (Pt)', 'Oil (WTI)', 'WCS Differential', 'Natural Gas (AECO)', 'Sulphur', 'Lithium (Li)', 'Cobalt (Co)', 'Germanium (Ge)', 'Molybdenum (Mo)', 'Uranium (U)', 'Antimony (Sb)', 'Indium (In)', 'Cadmium (Cd)', 'Iron Ore', 'Iron Ore Futures', 'US HRC Steel']}",logs\data_capture\20250510_225143
2025-05-10T22:53:57.703939,23,"{'timeframe': '1Y', 'start_date': '2024-05-10', 'end_date': '2025-05-10', 'frequency': 'monthly', 'category': 'all', 'selected_commodities': ['Copper (Cu)', 'Zinc (Zn)', 'Nickel (Ni)', 'Lead (Pb)', 'Aluminum (Al)', 'Gold (Au)', 'Silver (Ag)', 'Platinum (Pt)', 'Oil (WTI)', 'WCS Differential', 'Natural Gas (AECO)', 'Sulphur', 'Lithium (Li)', 'Cobalt (Co)', 'Germanium (Ge)', 'Molybdenum (Mo)', 'Uranium (U)', 'Antimony (Sb)', 'Indium (In)', 'Cadmium (Cd)', 'Iron Ore', 'Iron Ore Futures', 'US HRC Steel']}",logs\data_capture\20250510_225357
2025-05-10T22:53:59.546414,23,"{'timeframe': '1Y', 'start_date': '2024-05-10', 'end_date': '2025-05-10', 'frequency': 'monthly', 'category': 'all', 'selected_commodities': ['Copper (Cu)', 'Zinc (Zn)', 'Nickel (Ni)', 'Lead (Pb)', 'Aluminum (Al)', 'Gold (Au)', 'Silver (Ag)', 'Platinum (Pt)', 'Oil (WTI)', 'WCS Differential', 'Natural Gas (AECO)', 'Sulphur', 'Lithium (Li)', 'Cobalt (Co)', 'Germanium (Ge)', 'Molybdenum (Mo)', 'Uranium (U)', 'Antimony (Sb)', 'Indium (In)', 'Cadmium (Cd)', 'Iron Ore', 'Iron Ore Futures', 'US HRC Steel']}",logs\data_capture\20250510_225359
2025-05-10T22:54:21.745975,23,"{'timeframe': '3M', 'start_date': '2025-02-09', 'end_date': '2025-05-10', 'frequency': 'monthly', 'category': 'all', 'selected_commodities': ['Copper (Cu)', 'Zinc (Zn)', 'Nickel (Ni)', 'Lead (Pb)', 'Aluminum (Al)', 'Gold (Au)', 'Silver (Ag)', 'Platinum (Pt)', 'Oil (WTI)', 'WCS Differential', 'Natural Gas (AECO)', 'Sulphur', 'Lithium (Li)', 'Cobalt (Co)', 'Germanium (Ge)', 'Molybdenum (Mo)', 'Uranium (U)', 'Antimony (Sb)', 'Indium (In)', 'Cadmium (Cd)', 'Iron Ore', 'Iron Ore Futures', 'US HRC Steel']}",logs\data_capture\20250510_225421
2025-05-10T22:54:37.226052,23,"{'timeframe': '6M', 'start_date': '2024-11-11', 'end_date': '2025-05-10', 'frequency': 'monthly', 'category': 'all', 'selected_commodities': ['Copper (Cu)', 'Zinc (Zn)', 'Nickel (Ni)', 'Lead (Pb)', 'Aluminum (Al)', 'Gold (Au)', 'Silver (Ag)', 'Platinum (Pt)', 'Oil (WTI)', 'WCS Differential', 'Natural Gas (AECO)', 'Sulphur', 'Lithium (Li)', 'Cobalt (Co)', 'Germanium (Ge)', 'Molybdenum (Mo)', 'Uranium (U)', 'Antimony (Sb)', 'Indium (In)', 'Cadmium (Cd)', 'Iron Ore', 'Iron Ore Futures', 'US HRC Steel']}",logs\data_capture\20250510_225437
2025-05-10T23:02:38.603448,23,"{'timeframe': '1Y', 'start_date': '2024-05-10', 'end_date': '2025-05-10', 'frequency': 'monthly', 'category': 'all', 'selected_commodities': ['Copper (Cu)', 'Zinc (Zn)', 'Nickel (Ni)', 'Lead (Pb)', 'Aluminum (Al)', 'Gold (Au)', 'Silver (Ag)', 'Platinum (Pt)', 'Oil (WTI)', 'WCS Differential', 'Natural Gas (AECO)', 'Sulphur', 'Lithium (Li)', 'Cobalt (Co)', 'Germanium (Ge)', 'Molybdenum (Mo)', 'Uranium (U)', 'Antimony (Sb)', 'Indium (In)', 'Cadmium (Cd)', 'Iron Ore', 'Iron Ore Futures', 'US HRC Steel']}",logs\data_capture\20250510_230238
2025-05-10T23:03:20.628398,23,"{'timeframe': '6M', 'start_date': '2024-11-11', 'end_date': '2025-05-10', 'frequency': 'monthly', 'category': 'all', 'selected_commodities': ['Copper (Cu)', 'Zinc (Zn)', 'Nickel (Ni)', 'Lead (Pb)', 'Aluminum (Al)', 'Gold (Au)', 'Silver (Ag)', 'Platinum (Pt)', 'Oil (WTI)', 'WCS Differential', 'Natural Gas (AECO)', 'Sulphur', 'Lithium (Li)', 'Cobalt (Co)', 'Germanium (Ge)', 'Molybdenum (Mo)', 'Uranium (U)', 'Antimony (Sb)', 'Indium (In)', 'Cadmium (Cd)', 'Iron Ore', 'Iron Ore Futures', 'US HRC Steel']}",logs\data_capture\20250510_230320
2025-05-10T23:03:41.199374,23,"{'timeframe': '1M', 'start_date': '2025-04-10', 'end_date': '2025-05-10', 'frequency': 'monthly', 'category': 'all', 'selected_commodities': ['Copper (Cu)', 'Zinc (Zn)', 'Nickel (Ni)', 'Lead (Pb)', 'Aluminum (Al)', 'Gold (Au)', 'Silver (Ag)', 'Platinum (Pt)', 'Oil (WTI)', 'WCS Differential', 'Natural Gas (AECO)', 'Sulphur', 'Lithium (Li)', 'Cobalt (Co)', 'Germanium (Ge)', 'Molybdenum (Mo)', 'Uranium (U)', 'Antimony (Sb)', 'Indium (In)', 'Cadmium (Cd)', 'Iron Ore', 'Iron Ore Futures', 'US HRC Steel']}",logs\data_capture\20250510_230341
2025-05-10T23:03:49.642617,23,"{'timeframe': '1M', 'start_date': '2025-04-10', 'end_date': '2025-05-10', 'frequency': 'daily', 'category': 'all', 'selected_commodities': ['Copper (Cu)', 'Zinc (Zn)', 'Nickel (Ni)', 'Lead (Pb)', 'Aluminum (Al)', 'Gold (Au)', 'Silver (Ag)', 'Platinum (Pt)', 'Oil (WTI)', 'WCS Differential', 'Natural Gas (AECO)', 'Sulphur', 'Lithium (Li)', 'Cobalt (Co)', 'Germanium (Ge)', 'Molybdenum (Mo)', 'Uranium (U)', 'Antimony (Sb)', 'Indium (In)', 'Cadmium (Cd)', 'Iron Ore', 'Iron Ore Futures', 'US HRC Steel']}",logs\data_capture\20250510_230349
2025-05-10T23:04:08.351728,23,"{'timeframe': '1M', 'start_date': '2025-04-10', 'end_date': '2025-05-10', 'frequency': 'weekly', 'category': 'all', 'selected_commodities': ['Copper (Cu)', 'Zinc (Zn)', 'Nickel (Ni)', 'Lead (Pb)', 'Aluminum (Al)', 'Gold (Au)', 'Silver (Ag)', 'Platinum (Pt)', 'Oil (WTI)', 'WCS Differential', 'Natural Gas (AECO)', 'Sulphur', 'Lithium (Li)', 'Cobalt (Co)', 'Germanium (Ge)', 'Molybdenum (Mo)', 'Uranium (U)', 'Antimony (Sb)', 'Indium (In)', 'Cadmium (Cd)', 'Iron Ore', 'Iron Ore Futures', 'US HRC Steel']}",logs\data_capture\20250510_230408
2025-05-10T23:05:22.954803,23,"{'timeframe': '1M', 'start_date': '2025-04-10', 'end_date': '2025-05-10', 'frequency': 'daily', 'category': 'all', 'selected_commodities': ['Copper (Cu)', 'Zinc (Zn)', 'Nickel (Ni)', 'Lead (Pb)', 'Aluminum (Al)', 'Gold (Au)', 'Silver (Ag)', 'Platinum (Pt)', 'Oil (WTI)', 'WCS Differential', 'Natural Gas (AECO)', 'Sulphur', 'Lithium (Li)', 'Cobalt (Co)', 'Germanium (Ge)', 'Molybdenum (Mo)', 'Uranium (U)', 'Antimony (Sb)', 'Indium (In)', 'Cadmium (Cd)', 'Iron Ore', 'Iron Ore Futures', 'US HRC Steel']}",logs\data_capture\20250510_230522
2025-05-10T23:12:33.876702,23,"{'timeframe': '1Y', 'start_date': '2024-05-10', 'end_date': '2025-05-10', 'frequency': 'monthly', 'category': 'all', 'selected_commodities': ['Copper (Cu)', 'Zinc (Zn)', 'Nickel (Ni)', 'Lead (Pb)', 'Aluminum (Al)', 'Gold (Au)', 'Silver (Ag)', 'Platinum (Pt)', 'Oil (WTI)', 'WCS Differential', 'Natural Gas (AECO)', 'Sulphur', 'Lithium (Li)', 'Cobalt (Co)', 'Germanium (Ge)', 'Molybdenum (Mo)', 'Uranium (U)', 'Antimony (Sb)', 'Indium (In)', 'Cadmium (Cd)', 'Iron Ore', 'Iron Ore Futures', 'US HRC Steel']}",logs\data_capture\20250510_231233
2025-05-10T23:12:47.669388,23,"{'timeframe': '1Y', 'start_date': '2024-05-10', 'end_date': '2025-05-10', 'frequency': 'daily', 'category': 'all', 'selected_commodities': ['Copper (Cu)', 'Zinc (Zn)', 'Nickel (Ni)', 'Lead (Pb)', 'Aluminum (Al)', 'Gold (Au)', 'Silver (Ag)', 'Platinum (Pt)', 'Oil (WTI)', 'WCS Differential', 'Natural Gas (AECO)', 'Sulphur', 'Lithium (Li)', 'Cobalt (Co)', 'Germanium (Ge)', 'Molybdenum (Mo)', 'Uranium (U)', 'Antimony (Sb)', 'Indium (In)', 'Cadmium (Cd)', 'Iron Ore', 'Iron Ore Futures', 'US HRC Steel']}",logs\data_capture\20250510_231247
2025-05-10T23:23:13.138023,23,"{'timeframe': '1Y', 'start_date': '2024-05-10', 'end_date': '2025-05-10', 'frequency': 'monthly', 'category': 'all', 'selected_commodities': ['Copper (Cu)', 'Zinc (Zn)', 'Nickel (Ni)', 'Lead (Pb)', 'Aluminum (Al)', 'Gold (Au)', 'Silver (Ag)', 'Platinum (Pt)', 'Oil (WTI)', 'WCS Differential', 'Natural Gas (AECO)', 'Sulphur', 'Lithium (Li)', 'Cobalt (Co)', 'Germanium (Ge)', 'Molybdenum (Mo)', 'Uranium (U)', 'Antimony (Sb)', 'Indium (In)', 'Cadmium (Cd)', 'Iron Ore', 'Iron Ore Futures', 'US HRC Steel']}",logs\data_capture\20250510_232313
2025-05-10T23:23:33.865744,23,"{'timeframe': '1Y', 'start_date': '2024-05-10', 'end_date': '2025-05-10', 'frequency': 'daily', 'category': 'all', 'selected_commodities': ['Copper (Cu)', 'Zinc (Zn)', 'Nickel (Ni)', 'Lead (Pb)', 'Aluminum (Al)', 'Gold (Au)', 'Silver (Ag)', 'Platinum (Pt)', 'Oil (WTI)', 'WCS Differential', 'Natural Gas (AECO)', 'Sulphur', 'Lithium (Li)', 'Cobalt (Co)', 'Germanium (Ge)', 'Molybdenum (Mo)', 'Uranium (U)', 'Antimony (Sb)', 'Indium (In)', 'Cadmium (Cd)', 'Iron Ore', 'Iron Ore Futures', 'US HRC Steel']}",logs\data_capture\20250510_232333
2025-05-10T23:25:56.946123,23,"{'timeframe': '1Y', 'start_date': '2024-05-10', 'end_date': '2025-05-10', 'frequency': 'daily', 'category': 'all', 'selected_commodities': ['Copper (Cu)', 'Zinc (Zn)', 'Nickel (Ni)', 'Lead (Pb)', 'Aluminum (Al)', 'Gold (Au)', 'Silver (Ag)', 'Platinum (Pt)', 'Oil (WTI)', 'WCS Differential', 'Natural Gas (AECO)', 'Sulphur', 'Lithium (Li)', 'Cobalt (Co)', 'Germanium (Ge)', 'Molybdenum (Mo)', 'Uranium (U)', 'Antimony (Sb)', 'Indium (In)', 'Cadmium (Cd)', 'Iron Ore', 'Iron Ore Futures', 'US HRC Steel']}",logs\data_capture\20250510_232556
2025-05-10T23:28:41.744214,23,"{'timeframe': '1Y', 'start_date': '2024-05-10', 'end_date': '2025-05-10', 'frequency': 'monthly', 'category': 'all', 'selected_commodities': ['Copper (Cu)', 'Zinc (Zn)', 'Nickel (Ni)', 'Lead (Pb)', 'Aluminum (Al)', 'Gold (Au)', 'Silver (Ag)', 'Platinum (Pt)', 'Oil (WTI)', 'WCS Differential', 'Natural Gas (AECO)', 'Sulphur', 'Lithium (Li)', 'Cobalt (Co)', 'Germanium (Ge)', 'Molybdenum (Mo)', 'Uranium (U)', 'Antimony (Sb)', 'Indium (In)', 'Cadmium (Cd)', 'Iron Ore', 'Iron Ore Futures', 'US HRC Steel']}",logs\data_capture\20250510_232841
2025-05-10T23:28:55.724508,23,"{'timeframe': '1Y', 'start_date': '2024-05-10', 'end_date': '2025-05-10', 'frequency': 'daily', 'category': 'all', 'selected_commodities': ['Copper (Cu)', 'Zinc (Zn)', 'Nickel (Ni)', 'Lead (Pb)', 'Aluminum (Al)', 'Gold (Au)', 'Silver (Ag)', 'Platinum (Pt)', 'Oil (WTI)', 'WCS Differential', 'Natural Gas (AECO)', 'Sulphur', 'Lithium (Li)', 'Cobalt (Co)', 'Germanium (Ge)', 'Molybdenum (Mo)', 'Uranium (U)', 'Antimony (Sb)', 'Indium (In)', 'Cadmium (Cd)', 'Iron Ore', 'Iron Ore Futures', 'US HRC Steel']}",logs\data_capture\20250510_232855
2025-05-10T23:29:20.918968,23,"{'timeframe': '1Y', 'start_date': '2024-05-10', 'end_date': '2025-05-10', 'frequency': 'daily', 'category': 'all', 'selected_commodities': ['Copper (Cu)', 'Zinc (Zn)', 'Nickel (Ni)', 'Lead (Pb)', 'Aluminum (Al)', 'Gold (Au)', 'Silver (Ag)', 'Platinum (Pt)', 'Oil (WTI)', 'WCS Differential', 'Natural Gas (AECO)', 'Sulphur', 'Lithium (Li)', 'Cobalt (Co)', 'Germanium (Ge)', 'Molybdenum (Mo)', 'Uranium (U)', 'Antimony (Sb)', 'Indium (In)', 'Cadmium (Cd)', 'Iron Ore', 'Iron Ore Futures', 'US HRC Steel']}",logs\data_capture\20250510_232920
2025-05-10T23:30:04.923686,23,"{'timeframe': '1Y', 'start_date': '2024-05-10', 'end_date': '2025-05-10', 'frequency': 'daily', 'category': 'all', 'selected_commodities': ['Copper (Cu)', 'Zinc (Zn)', 'Nickel (Ni)', 'Lead (Pb)', 'Aluminum (Al)', 'Gold (Au)', 'Silver (Ag)', 'Platinum (Pt)', 'Oil (WTI)', 'WCS Differential', 'Natural Gas (AECO)', 'Sulphur', 'Lithium (Li)', 'Cobalt (Co)', 'Germanium (Ge)', 'Molybdenum (Mo)', 'Uranium (U)', 'Antimony (Sb)', 'Indium (In)', 'Cadmium (Cd)', 'Iron Ore', 'Iron Ore Futures', 'US HRC Steel']}",logs\data_capture\20250510_233004
2025-05-10T23:30:21.384270,23,"{'timeframe': '1Y', 'start_date': '2024-05-10', 'end_date': '2025-05-10', 'frequency': 'daily', 'category': 'all', 'selected_commodities': ['Copper (Cu)', 'Zinc (Zn)', 'Nickel (Ni)', 'Lead (Pb)', 'Aluminum (Al)', 'Gold (Au)', 'Silver (Ag)', 'Platinum (Pt)', 'Oil (WTI)', 'WCS Differential', 'Natural Gas (AECO)', 'Sulphur', 'Lithium (Li)', 'Cobalt (Co)', 'Germanium (Ge)', 'Molybdenum (Mo)', 'Uranium (U)', 'Antimony (Sb)', 'Indium (In)', 'Cadmium (Cd)', 'Iron Ore', 'Iron Ore Futures', 'US HRC Steel']}",logs\data_capture\20250510_233021
2025-05-10T23:48:08.783531,23,"{'timeframe': '1Y', 'start_date': '2024-05-10', 'end_date': '2025-05-10', 'frequency': 'monthly', 'category': 'all', 'selected_commodities': ['Copper (Cu)', 'Zinc (Zn)', 'Nickel (Ni)', 'Lead (Pb)', 'Aluminum (Al)', 'Gold (Au)', 'Silver (Ag)', 'Platinum (Pt)', 'Oil (WTI)', 'WCS Differential', 'Natural Gas (AECO)', 'Sulphur', 'Lithium (Li)', 'Cobalt (Co)', 'Germanium (Ge)', 'Molybdenum (Mo)', 'Uranium (U)', 'Antimony (Sb)', 'Indium (In)', 'Cadmium (Cd)', 'Iron Ore', 'Iron Ore Futures', 'US HRC Steel']}",logs\data_capture\20250510_234808
2025-05-10T23:48:38.303876,23,"{'timeframe': '1Y', 'start_date': '2024-05-10', 'end_date': '2025-05-10', 'frequency': 'monthly', 'category': 'all', 'selected_commodities': ['Copper (Cu)', 'Zinc (Zn)', 'Nickel (Ni)', 'Lead (Pb)', 'Aluminum (Al)', 'Gold (Au)', 'Silver (Ag)', 'Platinum (Pt)', 'Oil (WTI)', 'WCS Differential', 'Natural Gas (AECO)', 'Sulphur', 'Lithium (Li)', 'Cobalt (Co)', 'Germanium (Ge)', 'Molybdenum (Mo)', 'Uranium (U)', 'Antimony (Sb)', 'Indium (In)', 'Cadmium (Cd)', 'Iron Ore', 'Iron Ore Futures', 'US HRC Steel']}",logs\data_capture\20250510_234838
2025-05-10T23:48:41.704135,23,"{'timeframe': '1Y', 'start_date': '2024-05-10', 'end_date': '2025-05-10', 'frequency': 'monthly', 'category': 'all', 'selected_commodities': ['Copper (Cu)', 'Zinc (Zn)', 'Nickel (Ni)', 'Lead (Pb)', 'Aluminum (Al)', 'Gold (Au)', 'Silver (Ag)', 'Platinum (Pt)', 'Oil (WTI)', 'WCS Differential', 'Natural Gas (AECO)', 'Sulphur', 'Lithium (Li)', 'Cobalt (Co)', 'Germanium (Ge)', 'Molybdenum (Mo)', 'Uranium (U)', 'Antimony (Sb)', 'Indium (In)', 'Cadmium (Cd)', 'Iron Ore', 'Iron Ore Futures', 'US HRC Steel']}",logs\data_capture\20250510_234841
2025-05-10T23:48:45.619131,23,"{'timeframe': '1Y', 'start_date': '2024-05-10', 'end_date': '2025-05-10', 'frequency': 'daily', 'category': 'all', 'selected_commodities': ['Copper (Cu)', 'Zinc (Zn)', 'Nickel (Ni)', 'Lead (Pb)', 'Aluminum (Al)', 'Gold (Au)', 'Silver (Ag)', 'Platinum (Pt)', 'Oil (WTI)', 'WCS Differential', 'Natural Gas (AECO)', 'Sulphur', 'Lithium (Li)', 'Cobalt (Co)', 'Germanium (Ge)', 'Molybdenum (Mo)', 'Uranium (U)', 'Antimony (Sb)', 'Indium (In)', 'Cadmium (Cd)', 'Iron Ore', 'Iron Ore Futures', 'US HRC Steel']}",logs\data_capture\20250510_234845
2025-05-10T23:49:49.943088,23,"{'timeframe': '1Y', 'start_date': '2024-05-10', 'end_date': '2025-05-10', 'frequency': 'daily', 'category': 'all', 'selected_commodities': ['Copper (Cu)', 'Zinc (Zn)', 'Nickel (Ni)', 'Lead (Pb)', 'Aluminum (Al)', 'Gold (Au)', 'Silver (Ag)', 'Platinum (Pt)', 'Oil (WTI)', 'WCS Differential', 'Natural Gas (AECO)', 'Sulphur', 'Lithium (Li)', 'Cobalt (Co)', 'Germanium (Ge)', 'Molybdenum (Mo)', 'Uranium (U)', 'Antimony (Sb)', 'Indium (In)', 'Cadmium (Cd)', 'Iron Ore', 'Iron Ore Futures', 'US HRC Steel']}",logs\data_capture\20250510_234949
2025-05-10T23:51:37.008515,22,"{'timeframe': '1Y', 'start_date': '2024-05-10', 'end_date': '2025-05-10', 'frequency': 'daily', 'category': 'all', 'selected_commodities': ['Copper (Cu)', 'Zinc (Zn)', 'Lead (Pb)', 'Aluminum (Al)', 'Gold (Au)', 'Silver (Ag)', 'Platinum (Pt)', 'Oil (WTI)', 'WCS Differential', 'Natural Gas (AECO)', 'Sulphur', 'Lithium (Li)', 'Cobalt (Co)', 'Germanium (Ge)', 'Molybdenum (Mo)', 'Uranium (U)', 'Antimony (Sb)', 'Indium (In)', 'Cadmium (Cd)', 'Iron Ore', 'Iron Ore Futures', 'US HRC Steel']}",logs\data_capture\20250510_235137
2025-05-10T23:51:38.628119,20,"{'timeframe': '1Y', 'start_date': '2024-05-10', 'end_date': '2025-05-10', 'frequency': 'daily', 'category': 'all', 'selected_commodities': ['Copper (Cu)', 'Zinc (Zn)', 'Gold (Au)', 'Silver (Ag)', 'Platinum (Pt)', 'Oil (WTI)', 'WCS Differential', 'Natural Gas (AECO)', 'Sulphur', 'Lithium (Li)', 'Cobalt (Co)', 'Germanium (Ge)', 'Molybdenum (Mo)', 'Uranium (U)', 'Antimony (Sb)', 'Indium (In)', 'Cadmium (Cd)', 'Iron Ore', 'Iron Ore Futures', 'US HRC Steel']}",logs\data_capture\20250510_235138
2025-05-10T23:51:40.496636,21,"{'timeframe': '1Y', 'start_date': '2024-05-10', 'end_date': '2025-05-10', 'frequency': 'daily', 'category': 'all', 'selected_commodities': ['Copper (Cu)', 'Zinc (Zn)', 'Aluminum (Al)', 'Gold (Au)', 'Silver (Ag)', 'Platinum (Pt)', 'Oil (WTI)', 'WCS Differential', 'Natural Gas (AECO)', 'Sulphur', 'Lithium (Li)', 'Cobalt (Co)', 'Germanium (Ge)', 'Molybdenum (Mo)', 'Uranium (U)', 'Antimony (Sb)', 'Indium (In)', 'Cadmium (Cd)', 'Iron Ore', 'Iron Ore Futures', 'US HRC Steel']}",logs\data_capture\20250510_235140
2025-05-10T23:51:40.884774,19,"{'timeframe': '1Y', 'start_date': '2024-05-10', 'end_date': '2025-05-10', 'frequency': 'daily', 'category': 'all', 'selected_commodities': ['Copper (Cu)', 'Zinc (Zn)', 'Silver (Ag)', 'Platinum (Pt)', 'Oil (WTI)', 'WCS Differential', 'Natural Gas (AECO)', 'Sulphur', 'Lithium (Li)', 'Cobalt (Co)', 'Germanium (Ge)', 'Molybdenum (Mo)', 'Uranium (U)', 'Antimony (Sb)', 'Indium (In)', 'Cadmium (Cd)', 'Iron Ore', 'Iron Ore Futures', 'US HRC Steel']}",logs\data_capture\20250510_235140
2025-05-10T23:51:42.221390,18,"{'timeframe': '1Y', 'start_date': '2024-05-10', 'end_date': '2025-05-10', 'frequency': 'daily', 'category': 'all', 'selected_commodities': ['Copper (Cu)', 'Zinc (Zn)', 'Platinum (Pt)', 'Oil (WTI)', 'WCS Differential', 'Natural Gas (AECO)', 'Sulphur', 'Lithium (Li)', 'Cobalt (Co)', 'Germanium (Ge)', 'Molybdenum (Mo)', 'Uranium (U)', 'Antimony (Sb)', 'Indium (In)', 'Cadmium (Cd)', 'Iron Ore', 'Iron Ore Futures', 'US HRC Steel']}",logs\data_capture\20250510_235142
2025-05-10T23:51:44.126743,16,"{'timeframe': '1Y', 'start_date': '2024-05-10', 'end_date': '2025-05-10', 'frequency': 'daily', 'category': 'all', 'selected_commodities': ['Copper (Cu)', 'Zinc (Zn)', 'Platinum (Pt)', 'Oil (WTI)', 'WCS Differential', 'Natural Gas (AECO)', 'Sulphur', 'Lithium (Li)', 'Cobalt (Co)', 'Uranium (U)', 'Antimony (Sb)', 'Indium (In)', 'Cadmium (Cd)', 'Iron Ore', 'Iron Ore Futures', 'US HRC Steel']}",logs\data_capture\20250510_235144
2025-05-10T23:51:45.876602,14,"{'timeframe': '1Y', 'start_date': '2024-05-10', 'end_date': '2025-05-10', 'frequency': 'daily', 'category': 'all', 'selected_commodities': ['Copper (Cu)', 'Zinc (Zn)', 'Oil (WTI)', 'Natural Gas (AECO)', 'Sulphur', 'Lithium (Li)', 'Cobalt (Co)', 'Uranium (U)', 'Antimony (Sb)', 'Indium (In)', 'Cadmium (Cd)', 'Iron Ore', 'Iron Ore Futures', 'US HRC Steel']}",logs\data_capture\20250510_235145
2025-05-10T23:51:46.092672,17,"{'timeframe': '1Y', 'start_date': '2024-05-10', 'end_date': '2025-05-10', 'frequency': 'daily', 'category': 'all', 'selected_commodities': ['Copper (Cu)', 'Zinc (Zn)', 'Platinum (Pt)', 'Oil (WTI)', 'WCS Differential', 'Natural Gas (AECO)', 'Sulphur', 'Lithium (Li)', 'Cobalt (Co)', 'Molybdenum (Mo)', 'Uranium (U)', 'Antimony (Sb)', 'Indium (In)', 'Cadmium (Cd)', 'Iron Ore', 'Iron Ore Futures', 'US HRC Steel']}",logs\data_capture\20250510_235146
2025-05-10T23:51:47.134828,13,"{'timeframe': '1Y', 'start_date': '2024-05-10', 'end_date': '2025-05-10', 'frequency': 'daily', 'category': 'all', 'selected_commodities': ['Copper (Cu)', 'Zinc (Zn)', 'Oil (WTI)', 'Sulphur', 'Lithium (Li)', 'Cobalt (Co)', 'Uranium (U)', 'Antimony (Sb)', 'Indium (In)', 'Cadmium (Cd)', 'Iron Ore', 'Iron Ore Futures', 'US HRC Steel']}",logs\data_capture\20250510_235147
2025-05-10T23:51:47.205081,15,"{'timeframe': '1Y', 'start_date': '2024-05-10', 'end_date': '2025-05-10', 'frequency': 'daily', 'category': 'all', 'selected_commodities': ['Copper (Cu)', 'Zinc (Zn)', 'Oil (WTI)', 'WCS Differential', 'Natural Gas (AECO)', 'Sulphur', 'Lithium (Li)', 'Cobalt (Co)', 'Uranium (U)', 'Antimony (Sb)', 'Indium (In)', 'Cadmium (Cd)', 'Iron Ore', 'Iron Ore Futures', 'US HRC Steel']}",logs\data_capture\20250510_235147
2025-05-10T23:51:50.310619,12,"{'timeframe': '1Y', 'start_date': '2024-05-10', 'end_date': '2025-05-10', 'frequency': 'daily', 'category': 'all', 'selected_commodities': ['Copper (Cu)', 'Zinc (Zn)', 'Oil (WTI)', 'Lithium (Li)', 'Cobalt (Co)', 'Uranium (U)', 'Antimony (Sb)', 'Indium (In)', 'Cadmium (Cd)', 'Iron Ore', 'Iron Ore Futures', 'US HRC Steel']}",logs\data_capture\20250510_235150
2025-05-10T23:51:52.870320,11,"{'timeframe': '1Y', 'start_date': '2024-05-10', 'end_date': '2025-05-10', 'frequency': 'daily', 'category': 'all', 'selected_commodities': ['Copper (Cu)', 'Zinc (Zn)', 'Lithium (Li)', 'Cobalt (Co)', 'Uranium (U)', 'Antimony (Sb)', 'Indium (In)', 'Cadmium (Cd)', 'Iron Ore', 'Iron Ore Futures', 'US HRC Steel']}",logs\data_capture\20250510_235152
2025-05-10T23:51:56.000191,9,"{'timeframe': '1Y', 'start_date': '2024-05-10', 'end_date': '2025-05-10', 'frequency': 'daily', 'category': 'all', 'selected_commodities': ['Copper (Cu)', 'Zinc (Zn)', 'Lithium (Li)', 'Cobalt (Co)', 'Uranium (U)', 'Cadmium (Cd)', 'Iron Ore', 'Iron Ore Futures', 'US HRC Steel']}",logs\data_capture\20250510_235156
2025-05-10T23:51:56.721785,10,"{'timeframe': '1Y', 'start_date': '2024-05-10', 'end_date': '2025-05-10', 'frequency': 'daily', 'category': 'all', 'selected_commodities': ['Copper (Cu)', 'Zinc (Zn)', 'Lithium (Li)', 'Cobalt (Co)', 'Uranium (U)', 'Indium (In)', 'Cadmium (Cd)', 'Iron Ore', 'Iron Ore Futures', 'US HRC Steel']}",logs\data_capture\20250510_235156
2025-05-10T23:51:57.097312,8,"{'timeframe': '1Y', 'start_date': '2024-05-10', 'end_date': '2025-05-10', 'frequency': 'daily', 'category': 'all', 'selected_commodities': ['Copper (Cu)', 'Zinc (Zn)', 'Lithium (Li)', 'Cobalt (Co)', 'Uranium (U)', 'Iron Ore', 'Iron Ore Futures', 'US HRC Steel']}",logs\data_capture\20250510_235157
2025-05-10T23:51:59.644330,6,"{'timeframe': '1Y', 'start_date': '2024-05-10', 'end_date': '2025-05-10', 'frequency': 'daily', 'category': 'all', 'selected_commodities': ['Copper (Cu)', 'Zinc (Zn)', 'Lithium (Li)', 'Cobalt (Co)', 'Uranium (U)', 'Iron Ore']}",logs\data_capture\20250510_235159
2025-05-10T23:52:00.837338,7,"{'timeframe': '1Y', 'start_date': '2024-05-10', 'end_date': '2025-05-10', 'frequency': 'daily', 'category': 'all', 'selected_commodities': ['Copper (Cu)', 'Zinc (Zn)', 'Lithium (Li)', 'Cobalt (Co)', 'Uranium (U)', 'Iron Ore', 'US HRC Steel']}",logs\data_capture\20250510_235200
2025-05-10T23:52:21.395160,5,"{'timeframe': '1Y', 'start_date': '2024-05-10', 'end_date': '2025-05-10', 'frequency': 'daily', 'category': 'all', 'selected_commodities': ['Copper (Cu)', 'Zinc (Zn)', 'Lithium (Li)', 'Uranium (U)', 'Iron Ore']}",logs\data_capture\20250510_235221
2025-05-10T23:52:23.528709,4,"{'timeframe': '1Y', 'start_date': '2024-05-10', 'end_date': '2025-05-10', 'frequency': 'daily', 'category': 'all', 'selected_commodities': ['Copper (Cu)', 'Zinc (Zn)', 'Lithium (Li)', 'Iron Ore']}",logs\data_capture\20250510_235223
2025-05-10T23:52:25.895125,3,"{'timeframe': '1Y', 'start_date': '2024-05-10', 'end_date': '2025-05-10', 'frequency': 'daily', 'category': 'all', 'selected_commodities': ['Copper (Cu)', 'Zinc (Zn)', 'Lithium (Li)']}",logs\data_capture\20250510_235225
2025-05-11T10:07:27.065336,23,"{'timeframe': '1Y', 'start_date': '2024-05-11', 'end_date': '2025-05-11', 'frequency': 'monthly', 'category': 'all', 'selected_commodities': ['Copper (Cu)', 'Zinc (Zn)', 'Nickel (Ni)', 'Lead (Pb)', 'Aluminum (Al)', 'Gold (Au)', 'Silver (Ag)', 'Platinum (Pt)', 'Oil (WTI)', 'WCS Differential', 'Natural Gas (AECO)', 'Sulphur', 'Lithium (Li)', 'Cobalt (Co)', 'Germanium (Ge)', 'Molybdenum (Mo)', 'Uranium (U)', 'Antimony (Sb)', 'Indium (In)', 'Cadmium (Cd)', 'Iron Ore', 'Iron Ore Futures', 'US HRC Steel']}",logs\data_capture\20250511_100727
2025-05-11T12:03:29.903101,23,"{'timeframe': '1Y', 'start_date': '2024-05-11', 'end_date': '2025-05-11', 'frequency': 'monthly', 'category': 'all', 'selected_commodities': ['Copper (Cu)', 'Zinc (Zn)', 'Nickel (Ni)', 'Lead (Pb)', 'Aluminum (Al)', 'Gold (Au)', 'Silver (Ag)', 'Platinum (Pt)', 'Oil (WTI)', 'WCS Differential', 'Natural Gas (AECO)', 'Sulphur', 'Lithium (Li)', 'Cobalt (Co)', 'Germanium (Ge)', 'Molybdenum (Mo)', 'Uranium (U)', 'Antimony (Sb)', 'Indium (In)', 'Cadmium (Cd)', 'Iron Ore', 'Iron Ore Futures', 'US HRC Steel']}",logs\data_capture\20250511_120329
2025-05-11T12:40:09.718456,23,"{'timeframe': '1Y', 'start_date': '2024-05-11', 'end_date': '2025-05-11', 'frequency': 'monthly', 'category': 'all', 'selected_commodities': ['Copper (Cu)', 'Zinc (Zn)', 'Nickel (Ni)', 'Lead (Pb)', 'Aluminum (Al)', 'Gold (Au)', 'Silver (Ag)', 'Platinum (Pt)', 'Oil (WTI)', 'WCS Differential', 'Natural Gas (AECO)', 'Sulphur', 'Lithium (Li)', 'Cobalt (Co)', 'Germanium (Ge)', 'Molybdenum (Mo)', 'Uranium (U)', 'Antimony (Sb)', 'Indium (In)', 'Cadmium (Cd)', 'Iron Ore', 'Iron Ore Futures', 'US HRC Steel']}",logs\data_capture\20250511_124009
2025-05-11T12:41:20.425407,23,"{'timeframe': '1Y', 'start_date': '2024-05-11', 'end_date': '2025-05-11', 'frequency': 'daily', 'category': 'all', 'selected_commodities': ['Copper (Cu)', 'Zinc (Zn)', 'Nickel (Ni)', 'Lead (Pb)', 'Aluminum (Al)', 'Gold (Au)', 'Silver (Ag)', 'Platinum (Pt)', 'Oil (WTI)', 'WCS Differential', 'Natural Gas (AECO)', 'Sulphur', 'Lithium (Li)', 'Cobalt (Co)', 'Germanium (Ge)', 'Molybdenum (Mo)', 'Uranium (U)', 'Antimony (Sb)', 'Indium (In)', 'Cadmium (Cd)', 'Iron Ore', 'Iron Ore Futures', 'US HRC Steel']}",logs\data_capture\20250511_124120
2025-05-11T12:41:43.077601,23,"{'timeframe': '1Y', 'start_date': '2024-05-11', 'end_date': '2025-05-11', 'frequency': 'weekly', 'category': 'all', 'selected_commodities': ['Copper (Cu)', 'Zinc (Zn)', 'Nickel (Ni)', 'Lead (Pb)', 'Aluminum (Al)', 'Gold (Au)', 'Silver (Ag)', 'Platinum (Pt)', 'Oil (WTI)', 'WCS Differential', 'Natural Gas (AECO)', 'Sulphur', 'Lithium (Li)', 'Cobalt (Co)', 'Germanium (Ge)', 'Molybdenum (Mo)', 'Uranium (U)', 'Antimony (Sb)', 'Indium (In)', 'Cadmium (Cd)', 'Iron Ore', 'Iron Ore Futures', 'US HRC Steel']}",logs\data_capture\20250511_124143
2025-05-11T12:42:02.721571,23,"{'timeframe': '1Y', 'start_date': '2024-05-11', 'end_date': '2025-05-11', 'frequency': 'monthly', 'category': 'all', 'selected_commodities': ['Copper (Cu)', 'Zinc (Zn)', 'Nickel (Ni)', 'Lead (Pb)', 'Aluminum (Al)', 'Gold (Au)', 'Silver (Ag)', 'Platinum (Pt)', 'Oil (WTI)', 'WCS Differential', 'Natural Gas (AECO)', 'Sulphur', 'Lithium (Li)', 'Cobalt (Co)', 'Germanium (Ge)', 'Molybdenum (Mo)', 'Uranium (U)', 'Antimony (Sb)', 'Indium (In)', 'Cadmium (Cd)', 'Iron Ore', 'Iron Ore Futures', 'US HRC Steel']}",logs\data_capture\20250511_124202
2025-05-11T12:42:30.129841,23,"{'timeframe': '1Y', 'start_date': '2024-05-11', 'end_date': '2025-05-11', 'frequency': 'daily', 'category': 'all', 'selected_commodities': ['Copper (Cu)', 'Zinc (Zn)', 'Nickel (Ni)', 'Lead (Pb)', 'Aluminum (Al)', 'Gold (Au)', 'Silver (Ag)', 'Platinum (Pt)', 'Oil (WTI)', 'WCS Differential', 'Natural Gas (AECO)', 'Sulphur', 'Lithium (Li)', 'Cobalt (Co)', 'Germanium (Ge)', 'Molybdenum (Mo)', 'Uranium (U)', 'Antimony (Sb)', 'Indium (In)', 'Cadmium (Cd)', 'Iron Ore', 'Iron Ore Futures', 'US HRC Steel']}",logs\data_capture\20250511_124230
2025-05-11T12:45:06.424254,23,"{'timeframe': '1Y', 'start_date': '2024-05-11', 'end_date': '2025-05-11', 'frequency': 'monthly', 'category': 'all', 'selected_commodities': ['Copper (Cu)', 'Zinc (Zn)', 'Nickel (Ni)', 'Lead (Pb)', 'Aluminum (Al)', 'Gold (Au)', 'Silver (Ag)', 'Platinum (Pt)', 'Oil (WTI)', 'WCS Differential', 'Natural Gas (AECO)', 'Sulphur', 'Lithium (Li)', 'Cobalt (Co)', 'Germanium (Ge)', 'Molybdenum (Mo)', 'Uranium (U)', 'Antimony (Sb)', 'Indium (In)', 'Cadmium (Cd)', 'Iron Ore', 'Iron Ore Futures', 'US HRC Steel']}",logs\data_capture\20250511_124506
2025-05-11T13:01:01.335515,23,"{'timeframe': '1Y', 'start_date': '2024-05-11', 'end_date': '2025-05-11', 'frequency': 'monthly', 'category': 'all', 'selected_commodities': ['Copper (Cu)', 'Zinc (Zn)', 'Nickel (Ni)', 'Lead (Pb)', 'Aluminum (Al)', 'Gold (Au)', 'Silver (Ag)', 'Platinum (Pt)', 'Oil (WTI)', 'WCS Differential', 'Natural Gas (AECO)', 'Sulphur', 'Lithium (Li)', 'Cobalt (Co)', 'Germanium (Ge)', 'Molybdenum (Mo)', 'Uranium (U)', 'Antimony (Sb)', 'Indium (In)', 'Cadmium (Cd)', 'Iron Ore', 'Iron Ore Futures', 'US HRC Steel']}",logs\data_capture\20250511_130101
2025-05-11T13:01:42.415403,23,"{'timeframe': '1Y', 'start_date': '2024-05-11', 'end_date': '2025-05-11', 'frequency': 'daily', 'category': 'all', 'selected_commodities': ['Copper (Cu)', 'Zinc (Zn)', 'Nickel (Ni)', 'Lead (Pb)', 'Aluminum (Al)', 'Gold (Au)', 'Silver (Ag)', 'Platinum (Pt)', 'Oil (WTI)', 'WCS Differential', 'Natural Gas (AECO)', 'Sulphur', 'Lithium (Li)', 'Cobalt (Co)', 'Germanium (Ge)', 'Molybdenum (Mo)', 'Uranium (U)', 'Antimony (Sb)', 'Indium (In)', 'Cadmium (Cd)', 'Iron Ore', 'Iron Ore Futures', 'US HRC Steel']}",logs\data_capture\20250511_130142
2025-05-11T13:04:06.345947,23,"{'timeframe': '1Y', 'start_date': '2024-05-11', 'end_date': '2025-05-11', 'frequency': 'monthly', 'category': 'all', 'selected_commodities': ['Copper (Cu)', 'Zinc (Zn)', 'Nickel (Ni)', 'Lead (Pb)', 'Aluminum (Al)', 'Gold (Au)', 'Silver (Ag)', 'Platinum (Pt)', 'Oil (WTI)', 'WCS Differential', 'Natural Gas (AECO)', 'Sulphur', 'Lithium (Li)', 'Cobalt (Co)', 'Germanium (Ge)', 'Molybdenum (Mo)', 'Uranium (U)', 'Antimony (Sb)', 'Indium (In)', 'Cadmium (Cd)', 'Iron Ore', 'Iron Ore Futures', 'US HRC Steel']}",logs\data_capture\20250511_130406
2025-05-11T13:09:36.342580,23,"{'timeframe': '1Y', 'start_date': '2024-05-11', 'end_date': '2025-05-11', 'frequency': 'monthly', 'category': 'all', 'selected_commodities': ['Copper (Cu)', 'Zinc (Zn)', 'Nickel (Ni)', 'Lead (Pb)', 'Aluminum (Al)', 'Gold (Au)', 'Silver (Ag)', 'Platinum (Pt)', 'Oil (WTI)', 'WCS Differential', 'Natural Gas (AECO)', 'Sulphur', 'Lithium (Li)', 'Cobalt (Co)', 'Germanium (Ge)', 'Molybdenum (Mo)', 'Uranium (U)', 'Antimony (Sb)', 'Indium (In)', 'Cadmium (Cd)', 'Iron Ore', 'Iron Ore Futures', 'US HRC Steel']}",logs\data_capture\20250511_130936
2025-05-11T13:10:14.994224,23,"{'timeframe': '1Y', 'start_date': '2024-05-11', 'end_date': '2025-05-11', 'frequency': 'daily', 'category': 'all', 'selected_commodities': ['Copper (Cu)', 'Zinc (Zn)', 'Nickel (Ni)', 'Lead (Pb)', 'Aluminum (Al)', 'Gold (Au)', 'Silver (Ag)', 'Platinum (Pt)', 'Oil (WTI)', 'WCS Differential', 'Natural Gas (AECO)', 'Sulphur', 'Lithium (Li)', 'Cobalt (Co)', 'Germanium (Ge)', 'Molybdenum (Mo)', 'Uranium (U)', 'Antimony (Sb)', 'Indium (In)', 'Cadmium (Cd)', 'Iron Ore', 'Iron Ore Futures', 'US HRC Steel']}",logs\data_capture\20250511_131014
2025-05-11T13:13:52.832474,23,"{'timeframe': '1Y', 'start_date': '2024-05-11', 'end_date': '2025-05-11', 'frequency': 'monthly', 'category': 'all', 'selected_commodities': ['Copper (Cu)', 'Zinc (Zn)', 'Nickel (Ni)', 'Lead (Pb)', 'Aluminum (Al)', 'Gold (Au)', 'Silver (Ag)', 'Platinum (Pt)', 'Oil (WTI)', 'WCS Differential', 'Natural Gas (AECO)', 'Sulphur', 'Lithium (Li)', 'Cobalt (Co)', 'Germanium (Ge)', 'Molybdenum (Mo)', 'Uranium (U)', 'Antimony (Sb)', 'Indium (In)', 'Cadmium (Cd)', 'Iron Ore', 'Iron Ore Futures', 'US HRC Steel']}",logs\data_capture\20250511_131352
2025-05-11T13:14:34.389671,23,"{'timeframe': '1Y', 'start_date': '2024-05-11', 'end_date': '2025-05-11', 'frequency': 'daily', 'category': 'all', 'selected_commodities': ['Copper (Cu)', 'Zinc (Zn)', 'Nickel (Ni)', 'Lead (Pb)', 'Aluminum (Al)', 'Gold (Au)', 'Silver (Ag)', 'Platinum (Pt)', 'Oil (WTI)', 'WCS Differential', 'Natural Gas (AECO)', 'Sulphur', 'Lithium (Li)', 'Cobalt (Co)', 'Germanium (Ge)', 'Molybdenum (Mo)', 'Uranium (U)', 'Antimony (Sb)', 'Indium (In)', 'Cadmium (Cd)', 'Iron Ore', 'Iron Ore Futures', 'US HRC Steel']}",logs\data_capture\20250511_131434
2025-05-11T13:18:51.280024,23,"{'timeframe': '1Y', 'start_date': '2024-05-11', 'end_date': '2025-05-11', 'frequency': 'monthly', 'category': 'all', 'selected_commodities': ['Copper (Cu)', 'Zinc (Zn)', 'Nickel (Ni)', 'Lead (Pb)', 'Aluminum (Al)', 'Gold (Au)', 'Silver (Ag)', 'Platinum (Pt)', 'Oil (WTI)', 'WCS Differential', 'Natural Gas (AECO)', 'Sulphur', 'Lithium (Li)', 'Cobalt (Co)', 'Germanium (Ge)', 'Molybdenum (Mo)', 'Uranium (U)', 'Antimony (Sb)', 'Indium (In)', 'Cadmium (Cd)', 'Iron Ore', 'Iron Ore Futures', 'US HRC Steel']}",logs\data_capture\20250511_131851
2025-05-11T13:19:16.606002,23,"{'timeframe': '1Y', 'start_date': '2024-05-11', 'end_date': '2025-05-11', 'frequency': 'daily', 'category': 'all', 'selected_commodities': ['Copper (Cu)', 'Zinc (Zn)', 'Nickel (Ni)', 'Lead (Pb)', 'Aluminum (Al)', 'Gold (Au)', 'Silver (Ag)', 'Platinum (Pt)', 'Oil (WTI)', 'WCS Differential', 'Natural Gas (AECO)', 'Sulphur', 'Lithium (Li)', 'Cobalt (Co)', 'Germanium (Ge)', 'Molybdenum (Mo)', 'Uranium (U)', 'Antimony (Sb)', 'Indium (In)', 'Cadmium (Cd)', 'Iron Ore', 'Iron Ore Futures', 'US HRC Steel']}",logs\data_capture\20250511_131916
